<?xml version="1.0" encoding="UTF-8" standalone="no"?>
<project>
	<configuration id="com.ifx.xmc4000.appRelease.1561767812" name="Release">
		<extension point="org.eclipse.cdt.core.LanguageSettingsProvider">
			<provider copy-of="extension" id="org.eclipse.cdt.ui.UserLanguageSettingsProvider"/>
			<provider-reference id="org.eclipse.cdt.managedbuilder.core.MBSLanguageSettingsProvider" ref="shared-provider"/>
			<provider class="org.eclipse.cdt.managedbuilder.language.settings.providers.GCCBuiltinSpecsDetector" console="false" env-hash="880555044641241860" id="com.ifx.xmc4000.GCCBuiltinSpecsDetector" keep-relative-paths="false" name="CDT GCC Built-in Compiler Settings XMC" parameter="${COMMAND} ${FLAGS} -E -P -v -dM &quot;${INPUTS}&quot;" prefer-non-shared="true">
				<language-scope id="org.eclipse.cdt.core.gcc"/>
				<language-scope id="org.eclipse.cdt.core.g++"/>
			</provider>
		</extension>
	</configuration>
	<configuration id="com.ifx.xmc4000.appDebug.2113761246" name="Debug">
		<extension point="org.eclipse.cdt.core.LanguageSettingsProvider">
			<provider copy-of="extension" id="org.eclipse.cdt.ui.UserLanguageSettingsProvider"/>
			<provider-reference id="org.eclipse.cdt.managedbuilder.core.MBSLanguageSettingsProvider" ref="shared-provider"/>
			<provider class="org.eclipse.cdt.managedbuilder.language.settings.providers.GCCBuiltinSpecsDetector" console="false" env-hash="880555044641241860" id="com.ifx.xmc4000.GCCBuiltinSpecsDetector" keep-relative-paths="false" name="CDT GCC Built-in Compiler Settings XMC" parameter="${COMMAND} ${FLAGS} -E -P -v -dM &quot;${INPUTS}&quot;" prefer-non-shared="true">
				<language-scope id="org.eclipse.cdt.core.gcc"/>
				<language-scope id="org.eclipse.cdt.core.g++"/>
			</provider>
		</extension>
	</configuration>
</project>
